Sno,Candidate,Constituency,Party,Criminal Case,Education,Total Assets,Liabilities
1,K Surendran,WAYANAD,BJP,243,Graduate,"Rs 1,00,85,808","Rs 10,53,975"
2,Dr. K. S. Radhakrishnan,ERNAKULAM,BJP,211,Doctorate,"Rs 1,54,99,146",Rs 0
3,Arjun Singh,BARRACKPUR,BJP,93,12th Pass,"Rs 2,74,76,986","Rs 1,18,07,539"
4,Adv. Dean Kuriakose,IDUKKI,INC,88,Post Graduate,"Rs 2,07,97,763","Rs 36,19,970"
5,Athram Suguna,ADILABAD (ST),INC,49,Post Graduate,"Rs 2,04,48,609","Rs 55,96,171"
6,Athram Sakku,ADILABAD (ST),BRS,47,10th Pass,"Rs 1,87,98,583",Rs 0
7,Shafi Parambil,VADAKARA,INC,47,Post Graduate,"Rs 99,34,524","Rs 15,00,000"
8,Eatala Rajender,MALKAJGIRI,BJP,45,Graduate,"Rs 54,01,78,712","Rs 20,41,57,216"
9,Bandi Sanjay Kumar,KARIMNAGAR,BJP,42,Post Graduate,"Rs 1,12,75,000","Rs 13,40,000"
10,Rajesh Ranjan Alias Pappu Yadav,PURNIA,IND,41,Graduate,"Rs 12,08,84,682","Rs 1,72,36,808"
11,Syed Yashir Nawaz,BHUBANESWAR,INC,37,12th Pass,"Rs 3,70,000",Rs 0
12,Mohite-Patil Dhairyasheel Rajsinh,MADHA,Nationalist Congress Party – Sharadchandra Pawar,36,Post Graduate,"Rs 48,94,34,188","Rs 20,50,27,212"
13,Chandrashekhar,NAGINA (SC),Aazad Samaj Party (Kanshi Ram),36,Graduate Professional,"Rs 39,86,581",Rs 0
14,Muruganantham M,THANJAVUR,BJP,32,8th Pass,"Rs 2,29,04,971","Rs 51,60,020"
15,C Krishnakumar,PALAKKAD,BJP,30,Graduate,"Rs 1,70,24,979","Rs 6,84,733"
16,Madhavaneni Raghunandan Rao,MEDAK,BJP,29,Graduate Professional,"Rs 22,09,07,289","Rs 12,11,78,789"
17,Dilip Ghosh,BURDWAN - DURGAPUR,BJP,27,10th Pass,"Rs 1,82,45,589","Rs 50,00,000"
18,Annamalai K,COIMBATORE,BJP,26,Post Graduate,"Rs 4,07,26,627",Rs 0
19,Babu Singh Kushwaha,JAUNPUR,SP,25,12th Pass,"Rs 20,01,49,000","Rs 2,82,55,000"
20,Shantanu Thakur,BANGAON (SC),BJP,23,Graduate,"Rs 3,34,11,607","Rs 1,72,18,000"
21,Dr Murugan L,NILGIRIS (SC),BJP,23,Doctorate,"Rs 4,28,83,400","Rs 1,20,00,000"
22,Arvind Dharmapuri,NIZAMABAD,BJP,22,Post Graduate,"Rs 1,09,90,20,273","Rs 30,66,81,918"
23,Venumbaka Vijayasai Reddy,NELLORE,YSRCP,22,Others,"Rs 36,51,67,286","Rs 22,84,855"
24,Locket Chatterjee,HOOGHLY,BJP,22,Graduate,"Rs 4,45,89,139",Rs 0
25,Dulu Mahato,DHANBAD,BJP,22,12th Pass,"Rs 7,01,20,183","Rs 78,88,835"
26,Lallan Singh Yadav,BALLIA,BSP,22,12th Pass,"Rs 1,56,31,211",Rs 0
27,B. B. Patil,ZAHIRABAD,BJP,21,Graduate,"Rs 1,51,69,31,855","Rs 3,52,00,568"
28,Ajit Prasad Mahata,PURULIA,IND,21,Graduate,"Rs 45,33,103",Rs 0
29,Imran Sheikh,ANANTNAG-RAJOURI,IND,20,8th Pass,"Rs 54,60,000",Rs 0
30,Rahul Gandhi,WAYANAD,INC,18,Post Graduate,"Rs 20,39,61,862","Rs 49,79,184"
31,Ravidas Mehrotra,LUCKNOW,SP,18,Graduate Professional,"Rs 1,18,50,112","Rs 88,480"
32,Rahul Gandhi,RAE BARELI,INC,18,Post Graduate,"Rs 20,39,61,862","Rs 49,79,184"
33,Vijay Kumar Shukla,VAISHALI,RJD,18,Doctorate,"Rs 27,89,09,949","Rs 7,85,44,428"
34,Ajay Rai,VARANASI,INC,18,Graduate,"Rs 2,65,22,683","Rs 15,35,243"
35,Dadan Yadav,BUXAR,IND,17,12th Pass,"Rs 5,64,37,500","Rs 46,04,30,000"
36,Thanga Tamilselvan,THENI,DMK,17,Post Graduate,"Rs 4,98,50,594",Rs 0
37,Digvijaya Singh,RAJGARH,INC,17,Graduate Professional,"Rs 50,24,12,166","Rs 6,32,90,421"
38,Ramnath Singh Sikarwar,FATEHPUR SIKRI,INC,17,Graduate,"Rs 69,92,919",Rs 0
39,Pradeep Kumar Majhi,NABARANGPUR (ST),BJD,17,Graduate,"Rs 2,32,65,510","Rs 22,06,219"
40,Subbarao Challa,NARSARAOPET,IND,16,10th Pass,"Rs 81,23,180","Rs 35,88,320"
41,Abhay Kumar Sinha,AURANGABAD,RJD,16,12th Pass,"Rs 10,77,18,589","Rs 4,78,01,483"
42,Sukanta Majumdar,BALURGHAT,BJP,16,Doctorate,"Rs 1,24,76,825","Rs 11,25,114"
43,Vijendra,TONK-SAWAI MADHOPUR,Aazad Samaj Party (Kanshi Ram),16,Post Graduate,"Rs 1,21,87,000","Rs 15,00,000"
44,Manoj Paul,ANDAMAN AND NICOBAR ISLANDS,Andaman Nicobar Democratic Congress,15,Graduate Professional,"Rs 24,33,734","Rs 10,00,000"
45,Dulu Ahmed,BARPETA,IND,15,Graduate,"Rs 63,57,12,765","Rs 11,86,20,393"
46,Pradeep Kumar Joshi,KARAKAT,Rashtra Sewa Dal,15,12th Pass,"Rs 1,53,40,000","Rs 1,35,45,361"
47,Lakhvir Singh Lakha Sidhana,BATHINDA,Shiromani Akali Dal (Amritsar)(Simranjit Singh Mann),15,Post Graduate,"Rs 13,96,900",Rs 0
48,B K Parthasarathi,HINDUPUR,TDP,15,Graduate,"Rs 16,89,59,895","Rs 1,78,90,470"
49,Khan Saumitra,BISHNUPUR (SC),BJP,15,12th Pass,"Rs 3,08,55,712","Rs 46,72,966"
50,Neelam Madhu,MEDAK,INC,14,8th Pass,"Rs 15,44,70,179","Rs 1,43,86,531"
51,Jangala Ajay Kumar,GUNTUR,CPI,14,10th Pass,"Rs 41,87,807","Rs 13,04,322"
52,Nisith Pramanik,COOCH BEHAR (SC),BJP,14,10th Pass,"Rs 1,05,12,699",Rs 0
53,Vinoj,CHENNAI CENTRAL,BJP,14,Graduate Professional,"Rs 31,95,89,737","Rs 15,50,55,585"
54,Balasubramanian T,KANNIYAKUMARI,IND,14,Post Graduate,"Rs 26,35,000",Rs 0
55,K. Sudhakaran,KANNUR,INC,14,Post Graduate,"Rs 6,29,79,919","Rs 59,33,624"
56,Patel Umeshbhai Babubhai,DAMAN & DIU,IND,14,Graduate,"Rs 47,52,198","Rs 4,06,981"
57,Vikramaditya Singh,MANDI,INC,14,Post Graduate,"Rs 1,00,51,49,088","Rs 1,56,12,918"
58,Swapan Majumder,BARASAT,BJP,14,12th Pass,"Rs 4,55,82,188","Rs 1,22,55,368"
59,Abhijit Das (Bobby),DIAMOND HARBOUR,BJP,13,Post Graduate,"Rs 99,18,174","Rs 5,52,898"
60,Sudam Marndi,MAYURBHANJ (ST),BJD,13,12th Pass,"Rs 4,76,47,202","Rs 85,96,223"
61,Ismail Ahmad Patel,BHARUCH,IND,13,12th Pass,"Rs 29,61,470",Rs 0
62,Devendra Singh Alias Bhole Singh,AKBARPUR,BJP,13,10th Pass,"Rs 4,78,28,524","Rs 99,02,495"
63,Jairam Kumar Mahato,GIRIDIH,IND,13,Post Graduate,"Rs 2,97,434",Rs 0
64,Adv Adoor Prakash,ATTINGAL,INC,13,Graduate Professional,"Rs 18,09,33,863","Rs 3,68,02,602"
65,Chaitarbhai Damjibhai Vasava,BHARUCH,AAP,13,Graduate,"Rs 51,89,754",Rs 0
66,Stalin M K,MAYILADUTHURAI,Pattali Makkal Katchi,12,Graduate,"Rs 29,34,366","Rs 2,72,312"
67,Makhan Lal Meena,TONK-SAWAI MADHOPUR,IND,12,10th Pass,"Rs 1,18,60,000",Rs 0
68,Shashi Tharoor,THIRUVANANTHAPURAM,INC,12,Doctorate,"Rs 56,06,56,126",Rs 0
69,Raju Shetti,HATKANANGALE,Swabhimani Paksha,12,10th Pass,"Rs 4,30,92,025","Rs 1,50,06,256"
70,Rajesh Verma,KHAGARIA,Lok Janshakti Party(Ram Vilas),12,Graduate Professional,"Rs 5,38,94,412","Rs 4,07,45,130"
71,Amritpal Singh,KHADOOR SAHIB,IND,12,10th Pass,"Rs 18,38,440",Rs 0
72,Devendra Nath Mahto,RANCHI,IND,11,Post Graduate,"Rs 1,66,628",Rs 0
73,Karti P Chidambaram,SIVAGANGA,INC,11,Graduate Professional,"Rs 96,27,44,048","Rs 23,48,50,274"
74,Lenin K,TIRUNELVELI,IND,11,Post Graduate,"Rs 16,24,395","Rs 2,00,000"
75,Ravikant Chandradas Tupkar,BULDHANA,IND,11,Graduate,"Rs 99,68,543","Rs 16,90,000"
76,Comrade Rajan Kshirsagar,PARBHANI,CPI,11,Graduate,"Rs 1,15,35,406","Rs 2,00,000"
77,Andhalkar Bhausaheb Raosaheb,OSMANABAD,Vanchit Bahujan Aaghadi,11,Graduate,"Rs 2,93,30,000","Rs 92,44,589"
78,Dr Chevireddy Bhaskar Reddy,ONGOLE,YSRCP,11,Doctorate,"Rs 17,25,30,612","Rs 8,59,20,196"
79,Sanjay Singh,BARRACKPUR,IND,11,10th Pass,"Rs 43,91,438",Rs 0
80,Ajaz Mohammad Safi Khan,MUMBAI NORTH - CENTRAL,IND,11,8th Pass,"Rs 44,46,127",Rs 0
81,Agnimitra Paul,MEDINIPUR,BJP,11,Graduate,"Rs 2,64,32,790","Rs 1,20,11,270"
82,Deepak Kedar,LATUR (SC),IND,10,Graduate,"Rs 8,92,000","Rs 54,000"
83,Janardan Dehury,SUNDARGARH (ST),INC,10,10th Pass,"Rs 3,66,00,000","Rs 50,00,000"
84,Jahid Murabtar Ansari,BHIWANDI,IND,10,12th Pass,"Rs 50,11,744","Rs 6,45,000"
85,Muinuddin Ahamad Khan Alias Hazi Daddan Khan,SHRAWASTI,BSP,10,12th Pass,"Rs 1,27,37,000","Rs 2,50,000"
86,Nitin Jairam Gadkari,NAGPUR,BJP,10,Doctorate,"Rs 28,03,17,321","Rs 6,22,30,174"
87,Athisayam V,TIRUNELVELI,IND,10,8th Pass,"Rs 4,00,500",Rs 0
88,Sudha R,MAYILADUTHURAI,INC,10,Post Graduate,"Rs 38,62,830",Rs 0
89,Hibi Eden,ERNAKULAM,INC,10,Graduate,"Rs 3,40,00,696","Rs 44,54,363"
90,Vijender Singh,BIJNOR,BSP,9,10th Pass,0,"Rs 5,00,00,000"
91,Deviram Alias Dev Raven Bhalavi,CHHINDWARA,Gondvana Gantantra Party,9,Graduate,"Rs 3,14,000",Rs 0
92,Sachithanantham R,DINDIGUL,CPI(M),9,Graduate,"Rs 25,97,479","Rs 7,85,694"
93,Esai Mathivanan,TENKASI (SC),Naam Tamilar Katchi,9,Graduate Professional,"Rs 3,88,997","Rs 1,12,000"
94,V. Vaseef,MALAPPURAM,CPI(M),9,Post Graduate,"Rs 91,01,513",Rs 0
95,M.V. Jayarajan,KANNUR,CPI(M),9,Graduate Professional,"Rs 1,44,48,542",Rs 0
96,Amarpal,BAGHPAT,SP,9,12th Pass,"Rs 39,66,31,454","Rs 10,50,000"
97,Ramya Haridas,ALATHUR (SC),INC,9,10th Pass,"Rs 63,66,427","Rs 14,62,096"
98,Baiju Kalasala,MAVELIKKARA (SC),Bharath Dharma Jana Sena,9,10th Pass,"Rs 2,92,138",Rs 0
99,K Muraleedharan,THRISSUR,INC,9,Graduate,"Rs 13,40,95,491","Rs 3,36,000"
100,Vishal (Dada) Prakashbapu Patil,SANGLI,IND,9,Graduate,"Rs 29,90,65,726","Rs 8,26,79,549"
101,Kamlesh Paswan,BANSGAON (SC),BJP,9,Graduate,"Rs 36,18,30,259","Rs 3,52,83,210"
102,Pratik Ur Rahaman,DIAMOND HARBOUR,CPI(M),9,Graduate Professional,"Rs 8,75,059",Rs 0
103,Swami Prasad Maurya,KUSHI NAGAR,Rashtriya Shoshit Samaj Party,9,Post Graduate,"Rs 8,72,67,479",Rs 0
104,Pratap Chandra Sarangi,BALASORE,BJP,9,Graduate,"Rs 49,59,072",Rs 0
105,Lekhasri Samantsinghar,BALASORE,BJD,9,Doctorate,"Rs 3,09,01,519","Rs 70,09,154"
106,Subhash Barman,MALDAHA UTTAR,Kamatapur People’s Party (United),9,5th Pass,"Rs 95,33,100",Rs 0
107,Chowdhary Basheer,FIROZABAD,BSP,9,Literate,"Rs 1,30,64,740","Rs 17,98,870"
108,Dr Pradeep Kumar Panigrahy,BERHAMPUR,BJP,9,Doctorate,"Rs 3,78,08,128","Rs 3,82,00,000"
109,Naveen Jindal,KURUKSHETRA,BJP,9,Post Graduate,"Rs 12,41,47,68,000","Rs 7,37,06,000"
110,Mahesh Parmar,UJJAIN (SC),INC,8,Post Graduate,"Rs 2,77,22,030","Rs 74,79,423"
111,Ambica G Lakshminarayana Valmiki,ANANTHAPUR,TDP,8,Graduate,"Rs 4,75,40,056","Rs 21,19,559"
112,Y.S. Sharmila Reddy,KADAPA,INC,8,Post Graduate,"Rs 1,81,81,88,237","Rs 1,18,58,90,981"
113,Danam Nagender,SECUNDERABAD,INC,8,Post Graduate,"Rs 59,61,87,718","Rs 64,59,30,000"
114,Dhangekar Ravindra Hemraj,PUNE,INC,8,8th Pass,"Rs 8,16,01,478","Rs 71,15,435"
115,Harshwardhan Dada Raibhanji Jadhav,AURANGABAD,IND,8,Graduate,"Rs 2,75,95,329","Rs 11,83,691"
116,Krishna Nand Tripathi,CHATRA,INC,8,Graduate Professional,"Rs 70,92,18,255","Rs 3,50,000"
117,Pradeep Purohit,BARGARH,BJP,8,10th Pass,"Rs 2,25,95,410","Rs 6,76,737"
118,Rudra Narayan Pany,DHENKANAL,BJP,8,Graduate,"Rs 56,76,627",Rs 0
119,Rambhual Nishad,SULTANPUR,SP,8,Graduate,"Rs 3,74,05,832","Rs 3,63,092"
120,Jeewan Kumar,SIWAN,IND,8,12th Pass,"Rs 7,80,86,445",Rs 0
